trading_date,TF,TL,T,TS
2023-04-21,104.41699999999999,96.03,114.015,104.37499999999999
2023-04-24,104.52699999999999,96.34,114.205,104.39999999999998
2023-04-25,104.52199999999999,96.38,114.185,104.39499999999998
2023-04-26,104.53699999999999,96.39,114.22,104.39999999999998
2023-04-27,104.71199999999999,96.7,114.50500000000001,104.46499999999999
2023-04-28,104.67199999999998,96.57,114.405,104.44499999999998
2023-05-04,104.752,97.0,114.61500000000001,104.49499999999999
2023-05-05,104.91699999999999,97.31,114.805,104.56499999999998
2023-05-08,104.90199999999999,97.23,114.775,104.56499999999998
2023-05-09,104.91699999999999,97.12,114.78,104.57499999999999
2023-05-10,105.00699999999999,97.36,114.94500000000001,104.59499999999998
2023-05-11,105.13699999999999,97.48,115.08,104.64999999999998
2023-05-12,105.10699999999999,97.31,114.955,104.61999999999999
2023-05-15,105.14699999999999,97.29,115.00500000000001,104.62499999999999
2023-05-16,104.99199999999999,97.15,114.87,104.52999999999999
2023-05-17,105.04199999999999,97.26,114.955,104.52999999999999
2023-05-18,104.97699999999999,97.0,114.78,104.47499999999998
2023-05-19,105.05699999999997,97.14,114.86,104.50499999999998
2023-05-22,105.27199999999998,97.33,115.08000000000001,104.56999999999998
2023-05-23,105.36199999999998,97.46000000000001,115.21000000000001,104.625
2023-05-24,105.33199999999998,97.54,115.21000000000001,104.615
2023-05-25,105.34699999999998,97.42,115.215,104.615
2023-05-26,105.27199999999998,97.18,115.075,104.585
2023-05-29,105.27199999999998,97.2,115.075,104.60499999999999
2023-05-30,105.37199999999999,97.35000000000001,115.19500000000001,104.67
2023-05-31,105.32699999999998,97.28,115.135,104.675
2023-06-01,105.42699999999998,97.42,115.23,104.735
2023-06-02,105.40199999999999,97.44,115.215,104.72
2023-06-05,105.26199999999999,97.23,115.08500000000001,104.705
2023-06-06,105.32199999999997,97.31,115.21000000000001,104.755
2023-06-07,105.41699999999997,97.58,115.37,104.77
2023-06-08,105.31199999999998,97.5,115.305,104.72
2023-06-09,105.37699999999998,97.66,115.375,104.735
2023-06-12,105.47699999999998,97.94,115.52000000000001,104.75999999999999
2023-06-13,105.72699999999998,98.5,115.88000000000001,104.875
2023-06-14,105.71199999999997,98.67,115.89500000000001,104.85
2023-06-15,105.48199999999999,98.16,115.575,104.77
2023-06-16,105.30699999999997,97.75,115.31,104.725
2023-06-19,105.14199999999998,97.44,115.075,104.64
2023-06-20,105.24199999999998,97.63000000000001,115.215,104.69999999999999
2023-06-21,105.32199999999997,97.73,115.28,104.72
2023-06-26,105.39199999999998,97.95,115.375,104.74
2023-06-27,105.29699999999998,97.85000000000001,115.245,104.71
2023-06-28,105.42199999999998,98.05,115.41000000000001,104.755
2023-06-29,105.50699999999998,98.16,115.49000000000001,104.795
2023-06-30,105.57699999999998,98.28,115.53500000000001,104.82499999999999
2023-07-03,105.55699999999997,98.27000000000001,115.53,104.815
2023-07-04,105.61199999999998,98.3,115.59500000000001,104.82499999999999
2023-07-05,105.59699999999998,98.21000000000001,115.53,104.815
2023-07-06,105.66199999999998,98.45,115.62,104.83
2023-07-07,105.64699999999998,98.47,115.605,104.845
2023-07-10,105.63199999999998,98.52000000000001,115.60000000000001,104.82499999999999
2023-07-11,105.65699999999998,98.69,115.69000000000001,104.83999999999999
2023-07-12,105.60199999999998,98.63000000000001,115.635,104.795
2023-07-13,105.56199999999998,98.71000000000001,115.655,104.78
2023-07-14,105.59699999999998,98.69,115.635,104.80999999999999
2023-07-17,105.68199999999997,98.87,115.775,104.85
2023-07-18,105.70699999999998,99.05,115.84500000000001,104.86
2023-07-19,105.75699999999998,99.15,115.89500000000001,104.875
2023-07-20,105.74199999999998,99.12,115.86,104.86999999999999
2023-07-21,105.83699999999997,99.49000000000001,116.0,104.89999999999999
2023-07-24,105.82699999999998,99.69,115.995,104.91499999999999
2023-07-25,105.57199999999997,99.14,115.625,104.82499999999999
2023-07-26,105.54199999999997,99.25,115.625,104.795
2023-07-27,105.71699999999998,99.63000000000001,115.84500000000001,104.86999999999999
2023-07-28,105.65199999999999,99.48,115.76,104.835
2023-07-31,105.55699999999997,99.17,115.60000000000001,104.82
2023-08-01,105.67199999999998,99.53,115.78500000000001,104.86999999999999
2023-08-02,105.68199999999997,99.61,115.78,104.86999999999999
2023-08-03,105.75199999999998,99.7,115.87,104.895
2023-08-04,105.79199999999997,99.8,115.92,104.895
2023-08-07,105.77199999999998,99.8,115.92,104.86999999999999
2023-08-08,105.77699999999999,99.84,115.95500000000001,104.85499999999999
2023-08-09,105.78199999999998,99.83,115.985,104.865
2023-08-10,105.75699999999998,99.79,115.94500000000001,104.86
2023-08-11,105.80699999999997,99.91,116.0,104.865
2023-08-14,105.93199999999997,100.25,116.19000000000001,104.91499999999999
2023-08-15,106.09699999999998,100.86,116.44000000000001,104.975
2023-08-16,106.11699999999998,101.05,116.44500000000001,104.96
2023-08-17,106.05699999999997,100.89,116.385,104.945
2023-08-18,106.08199999999998,101.07000000000001,116.44500000000001,104.94
2023-08-21,106.13199999999998,101.59,116.62,104.97
2023-08-22,106.13699999999999,101.8,116.69000000000001,104.975
2023-08-23,106.07699999999998,101.77,116.59000000000002,104.955
2023-08-24,106.09699999999998,101.92,116.59500000000001,104.96
2023-08-25,105.98699999999998,101.79,116.50000000000001,104.895
2023-08-28,105.89199999999998,101.59,116.33500000000002,104.85
2023-08-29,105.78699999999998,101.38,116.21500000000002,104.79499999999999
2023-08-30,105.95699999999998,101.62,116.40000000000002,104.88499999999999
2023-08-31,105.95199999999998,101.49,116.39000000000001,104.91499999999999
2023-09-01,105.85699999999999,101.34,116.27000000000002,104.895
2023-09-04,105.62199999999999,100.41,115.86500000000002,104.815
2023-09-05,105.63699999999999,100.38,115.91000000000003,104.82499999999999
2023-09-06,105.58199999999998,100.26,115.84000000000002,104.76499999999999
2023-09-07,105.41699999999999,99.81,115.62500000000001,104.68499999999999
2023-09-08,105.42199999999998,99.76,115.64000000000001,104.67999999999999
2023-09-11,105.31699999999998,99.53,115.53500000000003,104.63
2023-09-12,105.54199999999999,99.96000000000001,115.82000000000002,104.72999999999999
2023-09-13,105.59199999999998,99.97,115.90500000000002,104.76499999999999
2023-09-14,105.60199999999998,100.18,115.96500000000002,104.74999999999999
2023-09-15,105.57699999999998,99.95,115.82500000000002,104.735
2023-09-18,105.38199999999998,99.41,115.58500000000002,104.675
2023-09-19,105.45699999999998,99.8,115.73000000000002,104.69
2023-09-20,105.48699999999998,99.64,115.73500000000001,104.71499999999999
2023-09-21,105.55699999999999,99.75,115.84500000000001,104.74999999999999
2023-09-22,105.45699999999998,99.58,115.70000000000002,104.72
2023-09-25,105.37199999999999,99.14,115.56500000000001,104.69999999999999
2023-09-26,105.30199999999998,98.68,115.43500000000002,104.65499999999999
2023-09-27,105.41199999999998,99.0,115.56000000000002,104.69
2023-09-28,105.54699999999998,99.47,115.76000000000002,104.755
2023-10-09,105.58699999999997,99.62,115.84500000000001,104.74999999999999
2023-10-10,105.40699999999998,99.45,115.68000000000002,104.675
2023-10-11,105.26699999999998,99.15,115.52500000000002,104.595
2023-10-12,105.25699999999998,99.09,115.47000000000001,104.615
2023-10-13,105.34699999999998,99.35000000000001,115.60000000000002,104.64999999999999
2023-10-16,105.39199999999998,99.44,115.67000000000002,104.64999999999999
2023-10-17,105.28699999999998,99.3,115.56000000000002,104.595
2023-10-18,105.29199999999999,99.3,115.57500000000002,104.57499999999999
2023-10-19,105.13199999999998,98.85000000000001,115.33500000000002,104.47999999999999
2023-10-20,105.03699999999998,98.67,115.23000000000002,104.42999999999999
2023-10-23,105.30199999999998,99.26,115.54500000000002,104.55
2023-10-24,105.21699999999998,99.06,115.44000000000001,104.49999999999999
2023-10-25,105.35199999999998,98.79,115.52000000000002,104.595
2023-10-26,105.51699999999998,99.08,115.73500000000001,104.64999999999999
2023-10-27,105.39699999999998,98.75,115.62500000000001,104.6
2023-10-30,105.48199999999999,98.94,115.72500000000002,104.64999999999999
2023-10-31,105.58699999999997,99.16,115.90000000000002,104.66999999999999
2023-11-01,105.57199999999997,99.31,115.92000000000002,104.63499999999999
2023-11-02,105.63199999999998,99.38,115.99500000000002,104.66
2023-11-03,105.63199999999998,99.5,115.99000000000002,104.65499999999999
2023-11-06,105.62199999999999,99.53,116.00500000000002,104.63999999999999
2023-11-07,105.64199999999998,99.69,116.08000000000001,104.63499999999999
2023-11-08,105.56699999999998,99.62,116.01000000000002,104.579
2023-11-09,105.70699999999998,99.94,116.13500000000002,104.601
2023-11-10,105.66699999999999,99.95,116.12500000000001,104.54899999999999
2023-11-13,105.73699999999998,100.23,116.17000000000002,104.61099999999999
2023-11-14,105.69199999999998,100.2,116.12000000000002,104.577
2023-11-15,105.58199999999998,99.88,115.96000000000002,104.52499999999999
2023-11-16,105.74699999999999,100.24,116.15000000000002,104.56299999999999
2023-11-17,105.70199999999998,100.18,116.15000000000002,104.53099999999999
2023-11-20,105.58199999999998,100.35000000000001,116.07500000000002,104.47099999999999
2023-11-21,105.52199999999998,100.29,116.06500000000001,104.43499999999999
2023-11-22,105.45199999999998,100.11,115.98500000000001,104.40499999999999
2023-11-23,105.29699999999998,99.63000000000001,115.71500000000002,104.34299999999999
2023-11-24,105.37199999999999,99.72000000000001,115.85500000000002,104.39099999999999
2023-11-27,105.282,99.50000000000001,115.73000000000002,104.317
2023-11-28,105.33699999999999,99.71000000000001,115.82500000000002,104.347
2023-11-29,105.39699999999999,99.87,115.9,104.38099999999999
2023-11-30,105.45199999999998,100.18,116.00500000000001,104.40499999999999
2023-12-01,105.46699999999998,100.01,116.03000000000002,104.39699999999999
2023-12-04,105.38699999999999,100.16000000000001,115.97500000000001,104.353
2023-12-05,105.35699999999999,100.06,115.95500000000001,104.34499999999998
2023-12-06,105.362,100.17000000000002,116.04,104.31899999999999
2023-12-07,105.42699999999999,100.2,116.09500000000001,104.34899999999999
2023-12-08,105.46199999999999,100.21000000000001,116.10000000000001,104.38299999999998
2023-12-11,105.642,100.74000000000001,116.34500000000001,104.44699999999999
2023-12-12,105.597,100.57000000000001,116.305,104.41699999999999
2023-12-13,105.76199999999999,100.92000000000002,116.51500000000001,104.50899999999999
2023-12-14,105.82199999999999,100.96000000000001,116.50500000000001,104.56499999999998
2023-12-15,105.81199999999998,100.95,116.45000000000002,104.54699999999998
2023-12-18,105.88199999999999,101.30000000000001,116.55000000000001,104.59299999999999
2023-12-19,105.877,101.49000000000001,116.57000000000001,104.579
2023-12-20,105.87199999999999,101.67000000000002,116.63000000000001,104.585
2023-12-21,105.80199999999999,101.62,116.49000000000001,104.54299999999999
2023-12-22,106.02699999999999,102.14000000000001,116.78000000000002,104.64899999999999
2023-12-25,106.07199999999999,102.79,116.84500000000001,104.71099999999998
2023-12-26,106.19699999999999,102.91000000000001,116.96000000000001,104.75699999999999
2023-12-27,106.12199999999999,102.41000000000001,116.86500000000001,104.76299999999999
2023-12-28,106.10199999999999,102.4,116.89500000000001,104.77099999999999
2023-12-29,106.16199999999999,102.46000000000001,116.95000000000002,104.75099999999999
2024-01-02,106.067,102.35000000000001,116.83500000000001,104.68299999999999
2024-01-03,106.002,102.07000000000001,116.75000000000001,104.61099999999999
2024-01-04,106.10699999999999,102.62,116.91000000000001,104.67699999999999
2024-01-05,106.17699999999999,103.03000000000002,117.06000000000002,104.69099999999999
2024-01-08,106.07699999999998,102.95,116.99000000000001,104.62499999999999
2024-01-09,106.157,103.39000000000001,117.12500000000001,104.66299999999998
2024-01-10,106.112,103.38000000000001,117.08000000000001,104.62899999999999
2024-01-11,106.10199999999999,103.14000000000001,117.00500000000001,104.61099999999999
2024-01-12,106.04199999999999,102.99000000000001,116.89500000000001,104.63299999999998
2024-01-15,106.082,103.10000000000001,116.9,104.62499999999999
2024-01-16,105.972,103.06,116.85000000000001,104.56499999999998
2024-01-17,106.04199999999999,103.2,116.95000000000002,104.57699999999998
2024-01-18,106.09199999999998,103.52000000000001,116.98500000000001,104.609
2024-01-19,106.15199999999999,103.57000000000001,117.01500000000001,104.63499999999999
2024-01-22,106.17199999999998,104.03000000000002,117.11000000000001,104.61499999999998
2024-01-23,106.13699999999999,104.32000000000001,117.08500000000001,104.63899999999998
2024-01-24,106.142,104.47000000000001,117.12000000000002,104.61899999999999
2024-01-25,106.332,104.23,117.17000000000002,104.713
2024-01-26,106.317,104.38000000000001,117.20000000000002,104.72099999999999
2024-01-29,106.30199999999999,104.4,117.20000000000002,104.71699999999998
2024-01-30,106.502,105.17000000000002,117.48500000000001,104.81899999999999
2024-01-31,106.46699999999998,105.84,117.55000000000001,104.78299999999999
2024-02-01,106.487,105.95,117.60000000000001,104.78899999999999
2024-02-02,106.407,105.95,117.555,104.74499999999999
2024-02-05,106.407,106.26,117.64500000000001,104.74699999999999
2024-02-06,106.41699999999999,106.05000000000001,117.54,104.69899999999998
2024-02-07,106.29199999999999,105.76,117.46000000000001,104.69099999999999
2024-02-08,106.32699999999998,106.05000000000001,117.45000000000002,104.74299999999998
2024-02-19,106.25699999999999,105.78000000000002,117.44000000000001,104.71699999999998
2024-02-20,106.22699999999999,106.02000000000001,117.47500000000001,104.725
2024-02-21,106.29699999999998,106.08000000000001,117.52500000000002,104.75099999999999
2024-02-22,106.34199999999998,106.09,117.61500000000002,104.79699999999998
2024-02-23,106.56199999999998,106.81,117.93000000000002,104.86699999999999
2024-02-26,106.41199999999999,106.78000000000002,117.82000000000002,104.77699999999999
2024-02-27,106.347,107.53000000000002,117.83500000000002,104.767
2024-02-28,106.43199999999999,107.44000000000001,117.90000000000002,104.76899999999999
2024-02-29,106.487,108.02000000000001,118.01000000000002,104.80099999999999
2024-03-01,106.24699999999999,107.51,117.72000000000001,104.71099999999998
2024-03-04,106.332,107.68,117.85500000000002,104.71099999999998
2024-03-05,106.36699999999999,107.53000000000002,117.92000000000002,104.72699999999999
2024-03-06,106.50699999999999,108.08000000000001,118.17500000000001,104.755
2024-03-07,106.377,107.93,118.07000000000002,104.68099999999998
2024-03-08,106.40199999999999,107.77000000000001,118.12500000000001,104.689
2024-03-11,106.32199999999999,107.33000000000001,117.99500000000002,104.657
2024-03-12,106.27199999999999,106.49000000000001,117.89500000000002,104.67099999999999
2024-03-13,106.13699999999999,105.77000000000001,117.66000000000003,104.62899999999999
2024-03-14,106.13199999999999,106.11000000000001,117.65000000000002,104.61099999999999
2024-03-15,106.237,106.95,117.84500000000001,104.65299999999999
2024-03-18,106.29199999999999,107.07000000000001,117.91000000000003,104.68499999999999
2024-03-19,106.28699999999999,107.37,117.93500000000002,104.69899999999998
2024-03-20,106.282,107.55000000000001,117.91500000000002,104.689
2024-03-21,106.442,107.34,118.05500000000002,104.75899999999999
2024-03-22,106.407,107.30000000000001,118.01500000000001,104.767
2024-03-25,106.252,106.04,117.76000000000002,104.78099999999999
2024-03-26,106.29699999999998,106.28000000000002,117.75500000000002,104.78899999999999
2024-03-27,106.347,106.34,117.79000000000002,104.79699999999998
2024-03-28,106.41199999999999,106.97000000000001,117.93500000000002,104.82499999999999
2024-03-29,106.42199999999998,106.79,117.90000000000002,104.841
2024-04-01,106.37199999999999,106.76,117.81000000000002,104.82099999999998
2024-04-02,106.392,106.84,117.84500000000001,104.83299999999998
2024-04-03,106.49699999999999,107.22000000000001,118.03000000000002,104.85099999999998
2024-04-08,106.52199999999999,107.26,118.04000000000002,104.85699999999999
2024-04-09,106.657,107.7,118.18500000000002,104.913
2024-04-10,106.597,107.32000000000001,118.10500000000002,104.889
2024-04-11,106.657,106.88000000000001,118.14500000000002,104.92099999999999
2024-04-12,106.80199999999999,107.2,118.39000000000001,104.94099999999999
2024-04-15,106.782,107.19000000000001,118.49500000000002,104.90299999999999
2024-04-16,106.66699999999999,107.08000000000001,118.39500000000002,104.85699999999999
2024-04-17,106.74199999999999,107.7,118.45000000000002,104.89299999999999
2024-04-18,106.82199999999999,107.82000000000001,118.55000000000001,104.91699999999999
2024-04-19,106.817,108.25000000000001,118.54500000000002,104.92699999999999
2024-04-22,106.847,108.64000000000001,118.64000000000001,104.94899999999998
2024-04-23,106.94699999999999,109.00000000000001,118.81000000000002,104.97299999999998
2024-04-24,106.83699999999999,108.27000000000001,118.53500000000003,104.93299999999999
2024-04-25,106.86699999999999,108.04,118.54000000000002,104.97299999999998
2024-04-26,106.737,107.43,118.41500000000002,104.901
2024-04-29,106.12199999999999,105.84,117.55500000000002,104.63699999999999
2024-04-30,106.40199999999999,106.74000000000001,117.93500000000002,104.75899999999999
2024-05-06,106.57699999999998,106.83000000000001,118.10000000000002,104.83099999999999
2024-05-07,106.74699999999999,106.98,118.34000000000002,104.913
2024-05-08,106.72699999999999,107.24000000000001,118.39000000000001,104.889
2024-05-09,106.68699999999998,106.99000000000001,118.33000000000001,104.89099999999999
2024-05-10,106.627,106.61000000000001,118.22000000000001,104.89099999999999
2024-05-13,106.74199999999999,107.13000000000001,118.39500000000002,104.94299999999998
2024-05-14,106.80199999999999,107.59,118.48000000000002,104.97899999999998
2024-05-15,106.767,107.29,118.39500000000002,104.95499999999998
2024-05-16,106.71199999999999,107.12,118.38000000000002,104.95299999999999
2024-05-17,106.66699999999999,106.91000000000001,118.25500000000002,104.93499999999999
2024-05-20,106.767,106.83000000000001,118.38500000000002,104.951
2024-05-21,106.65199999999999,106.66000000000001,118.27500000000002,104.93699999999998
2024-05-22,106.747,107.13000000000001,118.40000000000002,104.969
2024-05-23,106.817,107.51,118.51500000000001,105.00099999999999
2024-05-24,106.792,107.60000000000001,118.48500000000001,104.97699999999999
2024-05-27,106.752,107.46000000000001,118.43500000000002,104.963
2024-05-28,106.817,107.94000000000001,118.56500000000003,104.98299999999999
2024-05-29,106.872,108.29,118.65000000000002,105.00899999999999
2024-05-30,106.892,108.30000000000001,118.67000000000002,105.00299999999999
2024-05-31,106.867,107.92000000000002,118.56000000000002,105.011
2024-06-03,106.922,107.92000000000002,118.64000000000001,105.02699999999999
2024-06-04,106.912,107.91000000000001,118.66500000000002,105.023
2024-06-05,107.012,108.2,118.83000000000001,105.07099999999998
2024-06-06,107.002,108.13000000000001,118.78000000000002,105.06099999999999
